id,firstname,lastname,email,email2,profession
1,Nikki,Si,Nikki.Si@yopmail.com,Nikki.Si@gmail.com,police officer
2,Stephanie,Erb,Stephanie.Erb@yopmail.com,Stephanie.Erb@gmail.com,firefighter
3,Vinita,Kravits,Vinita.Kravits@yopmail.com,Vinita.Kravits@gmail.com,doctor
4,Sybille,Tengdin,Sybille.Tengdin@yopmail.com,Sybille.Tengdin@gmail.com,firefighter
5,Sabina,Joli,Sabina.Joli@yopmail.com,Sabina.Joli@gmail.com,police officer
6,Mureil,Ludewig,Mureil.Ludewig@yopmail.com,Mureil.Ludewig@gmail.com,firefighter
7,Shel,Laverne,Shel.Laverne@yopmail.com,Shel.Laverne@gmail.com,firefighter
8,Ericka,Kussell,Ericka.Kussell@yopmail.com,Ericka.Kussell@gmail.com,doctor
9,Jean,Faria,Jean.Faria@yopmail.com,Jean.Faria@gmail.com,worker
10,Pamella,Lauraine,Pamella.Lauraine@yopmail.com,Pamella.Lauraine@gmail.com,firefighter
11,Camile,Fiester,Camile.Fiester@yopmail.com,Camile.Fiester@gmail.com,police officer
12,Wanda,Gillan,Wanda.Gillan@yopmail.com,Wanda.Gillan@gmail.com,doctor
13,Shandie,Henebry,Shandie.Henebry@yopmail.com,Shandie.Henebry@gmail.com,worker
14,Jessamyn,Evvie,Jessamyn.Evvie@yopmail.com,Jessamyn.Evvie@gmail.com,firefighter
15,Dolli,Fax,Dolli.Fax@yopmail.com,Dolli.Fax@gmail.com,developer
16,Jobi,Seligman,Jobi.Seligman@yopmail.com,Jobi.Seligman@gmail.com,doctor
17,Gisela,Emmy,Gisela.Emmy@yopmail.com,Gisela.Emmy@gmail.com,developer
18,Calla,Socha,Calla.Socha@yopmail.com,Calla.Socha@gmail.com,police officer